{
    "title":"MultiView",
    "description":"The report shows how to use MultiView or DrillThrough widget in your report",
    "keywords":[["drilldown"]],
    "breadcrumb":{"DrillDown":"javascript:void 0"},
    "meta":{
        "Description":["md","_description.md"],
        "index.php":["php","run.php"],
        "MyReport.php":["php","_MyReport.php.txt"],
        "MyReport.view.php":["html","MyReport.view.php"],
        "Sample data":["db","automaker","select paymentDate, amount from payments"]
    }
}