{
    "title":"Columns Transpose",
    "description":"Transpose a table using first column as transposed column names",
    "keywords":[["general"],"table transpose"],
    "breadcrumb":{"Processes":"javascript:void 0","Advanced":"javascript:void 0"},
    "meta":{
        "Description":["md","_description.md"],
        "index.php":["php","run.php"],
        "MyReport.php":["php","MyReport.php"],
        "MyReport.view.php":["html","MyReport.view.php"],
        "data.csv":["csv","../../../databases/customer_product_dollarsales2.csv",";"]
    }
}