{
    "title":"PDF Exporting",
    "description":"The report show how to export report to PDF",
    "keywords":[["export"]],
    "breadcrumb":{"Export":"javascript:void 0"},
    "meta":{
        "Description":["md","_description.md"],
        "index.php":["php","run.php"],
        "export.php":["php","export.php"],
        "SakilaRental.php":["php","SakilaRental.php"],
        "SakilaRental.view.php":["html","SakilaRental.view.php"],
        "SakilaRentalPdf.view.php":["html","SakilaRentalPdf.view.php"]
    }
}